Device,Device Name,Current,Device Image,OEM (brand),Battery Life (h),Device Online Listing,Processor,NPU,UPC,SKU,Barcode,Formfactor,Weight (lbs),Screen Size,Screen Type,Resolution,Build,Aspect Ratio,Screen Brightness (nits),Color Accuracy,Touchscreen?,Pen Compatibility?,Bluetooth Version,Storage,RAM/Memory,Network Card,Ports,Backlit Keyboard?,Keyboard size,MSRP,MicroSD Slot,Thunderbolt,HDMI,External Monitors,Security,Persona,Extra Features,About,Persona Extended,Basket Recommendations
Googlebook,Acer Googlebook 14,TRUE,https://pisces.bbystatic.com/image2/BestBuy_US/images/products/6447/6690085_sd.jpg;maxHeight=1080;maxWidth=900?format=webp,Acer,16,https://www.bestbuy.com/product/sku/6690085," Intel Core Ultra 5 325",TOPS 47,195133340878,6690085,https://barcode.tec-it.com/barcode.ashx?data=195133340878&code=UPCA,2in1,2.51 lbs,14”,OLED,2880 x 1800,"Nano ceramic, magnesium-alloy, Corning Gorilla Glass",16:10,500,100% DCI-P3,Yes,USI 2.0,,512GB SSD,16GB,Wi-Fi 7,"1x Thunderbolt 4, 2x USB C 3.2, 3.5mm audio jack",Yes,75%,,No,Yes,No,Up to 4 displays at up to 7680 x 4320 @ 60Hz.,Fingerprint Sensor,"Professional, Content Creator","Corning Gorilla Glass Touchpad, 5M Webcam with Privacy Shutter, Convertible design,","Acer Googlebook 14 – The Industry’s First Convertible Googlebook: Experience the new Acer Googlebook 14, where a brilliant 3K OLED touchscreen, refined convertible design, and long-lasting battery life come together in one beautifully crafted device. Designed for Gemini Intelligence, it provides personalized AI assistance that helps you create, organize, and accomplish more with ease. Point to anything on screen for contextual guidance or simply describe what you want to create and watch your ideas take shape in seconds, all while staying firmly in control of the experience.",,
Googlebook,ASUS Googlebook 14,TRUE,https://pisces.bbystatic.com/image2/BestBuy_US/images/products/6447/6686332_sd.jpg;maxHeight=1080;maxWidth=900?format=webp,ASUS,16,https://www.bestbuy.com/product/sku/6686332," Intel Core Ultra 5 325",TOPS 47,199291685086,6686332,https://barcode.tec-it.com/barcode.ashx?data=199291685086&code=UPCA,Clamshell,2.2 lbs,14”,OLED,2880 x 1800,Aluminum and magnesium chassis,16:10,1000,100% DCI-P3,Yes,No,,512GB SSD,16GB,,"2x Thunderbolt 4, 2x USB A, 1x HDMI, 3.5mm audio jack",Yes,75%,,No,Yes,Yes,Up to 4 displays at up to 7680 x 4320 @ 60Hz.,Fingerprint Sensor,"Professional, Content Creator","Corning Gorilla Glass Victus, Corning Gorilla Matte anti-glare display, MIL-STD 810H military-grade durability, Nano Ceramic finish, 6-sensor haptic touchpad, 6-speaker audio system with force-canceling woofers, FHD webcam with privacy shutter, Fingerprint sensor, Backlit keyboard with protective UV coating, Fast charging","Meet ASUS Googlebook 14, the first ASUS laptop designed for Gemini Intelligence. Powered by an Intel Core Ultra Series 3 processor and integrated with Gemini, this ultra-portable powerhouse packs elite performance into an ultrathin 0.43-inch, 2.18-lb chassis. Crafted from premium materials, it syncs seamlessly with your phone to elevate your everyday workflow.",,
Googlebook,Lenovo Googlebook 15,TRUE,https://pisces.bbystatic.com/image2/BestBuy_US/images/products/6447/6687176_sd.jpg;maxHeight=1080;maxWidth=900?format=webp,Lenovo,13,https://www.bestbuy.com/product/sku/6687176," Intel Core Ultra 5 325",TOPS 47,828132443232,6687176,https://barcode.tec-it.com/barcode.ashx?data=828132443232&code=UPCA,Clamshell,2.84 lbs,15.3”,OLED,2880 x 1800,Magnesium-aluminum alloy and Carbon Fiber chassis,16:10,500,100% DCI-P3,Yes,No,,512GB SSD,16GB,,"2x Thunderbolt 4, 1x USB A, 1x HDMI, 3.5mm audio jack",Yes,75%,,No,Yes,Yes,Up to 4 displays at up to 7680 x 4320 @ 60Hz.,"Fingerprint Sensor, face authentication","Professional, Content Creator","MIL-STD-810H certification, Haptic touchpad, 5MP Webcam with Privacy Shutter, Anti-fingerprint coating, Fingerprint reader, Facial authentication, Backlit keyboard, Quad speakers with Dolby Atmos","Smarter productivity, built right in. Built for modern lifestyles, Lenovo Googlebook 15 combines premium design with built-in Gemini Intelligence to help you stay organized, productive, and connected throughout the day. Seamlessly in sync with your Android phone, so you can switch tasks easily and access apps & files from your phone right from your laptop. The responsive haptic touchpad delivers a more intuitive experience, while the stunning OLED display and immersive quad-speaker system with Dolby Atmos bring creativity and entertainment to life. Whether you're tackling tasks, exploring ideas, or relaxing with your favorite content, this Googlebook is designed to feel less like a device and more like a natural extension of your everyday life.",,
Googlebook,Dell XPS Googlebook,TRUE,https://pisces.bbystatic.com/image2/BestBuy_US/images/products/6447/6690181_sd.jpg;maxHeight=1080;maxWidth=900?format=webp,Dell,18,https://www.bestbuy.com/product/sku/6690181,Snapdragon X Elite X1E-80-100,TOPS 45,884116650577,6690181,https://barcode.tec-it.com/barcode.ashx?data=884116650577&code=UPCA,Clamshell,2.2 lbs,"13.4""",LCD,2560 x 1600,CNC aluminum chassis with edge-to-edge glass,16:10,500,100% DCI-P3,Yes,No,,512GB SSD,16GB,,2x USB C 3.2,Yes,75%,,No,No,No,"Up to 3 external displays at up to 4K (3840 x 2160) @ 60Hz, or 2 displays at 5K @ 60Hz.",Fingerprint Sensor,"Professional, Content Creator","CNC-machined aluminum chassis, InfinityEdge touchscreen, Mechanical touchpad, Fingerprint reader, Dual-fan cooling system, 1080p webcam with privacy shutter","Our first XPS Googlebook combines Gemini Intelligence, iconic XPS design, seamless connectivity with your Android phone and Snapdragon X Elite performance. Razor-thin, featherlight¹ and built to keep you a step ahead in everything you do.",,
Googlebook,HP Googlebook 14,TRUE,https://pisces.bbystatic.com/image2/BestBuy_US/images/products/6447/6687893_sd.jpg;maxHeight=1080;maxWidth=900?format=webp,HP,19,https://www.bestbuy.com/product/sku/6687893,Snapdragon X Elite X1E-80-100,TOPS 45,826581898504,6687893,https://barcode.tec-it.com/barcode.ashx?data=826581898504&code=UPCA,Clamshell,2.75 lbs,14”,OLED,2880 x 1800,Aluminum chassis,16:10,500,100% DCI-P3,Yes,No,,512GB SSD,16GB,,"2x USB-C, 3.5mm audio jack",Yes,75%,,No,No,No,"Up to 3 external displays at up to 4K (3840 x 2160) @ 60Hz, or 2 displays at 5K @ 60Hz.","Fingerprint Sensor, face authentication","Professional, Content Creator","HP Fast Charge, HP Imagepad with multi-touch gestures, HP True Vision HD camera, Micro-edge display, Anti-glare display, Audio by B&O","The HP Googlebook 14 is a thin, lightweight laptop designed for Gemini Intelligence and seamless use with an Android phone. Its Snapdragon X Elite processor supports responsive everyday work, while the 14-inch design is suited to school, hybrid work, streaming, and staying productive on the go.",,
Chromebook,Acer Chromebook 315,TRUE,https://pisces.bbystatic.com/image2/BestBuy_US/images/products/6447/6667575_sd.jpg;maxHeight=1080;maxWidth=900?format=webp,Acer,,https://www.bestbuy.com/product/sku/6667575,MediaTek Kompanio 540,,195133340267,6667575,https://barcode.tec-it.com/barcode.ashx?data=195133340267&code=UPCA,,3.26 pounds,15.6 inches,LCD,1920 x 1080 (Full HD),,16:9,,,,,,,4 gigabytes,,"2 x USB-A 3.2, 2 x USB-C 3.2",,,,,No,Display connection via USB port,1 external display at up to 4K (3840 x 2160) @ 60Hz.,Cable lock slot,"Everyday User, Student",,,,
Chromebook,Acer Chromebook 315,TRUE,https://pisces.bbystatic.com/image2/BestBuy_US/images/products/6447/6667579_sd.jpg;maxHeight=1080;maxWidth=900?format=webp,Acer,,https://www.bestbuy.com/product/sku/6667579,MediaTek Kompanio 540,,195133326179,6667579,https://barcode.tec-it.com/barcode.ashx?data=195133326179&code=UPCA,,3.26 pounds,15.6 inches,LCD,1920 x 1080 (Full HD),,16:9,,,,,,,4 gigabytes,,"2 x USB-A 3.2, 2 x USB-C 3.2",,,,,No,Display connection via USB port,1 external display at up to 4K (3840 x 2160) @ 60Hz.,Cable lock slot,"Professional, Content Creator",,,,
Chromebook,HP Chromebook 14,TRUE,https://pisces.bbystatic.com/image2/BestBuy_US/images/products/6447/6612977_sd.jpg;maxHeight=1080;maxWidth=900?format=webp,HP,,https://www.bestbuy.com/product/sku/6612977,Intel Celeron N4500,,198990262185,6612977,https://barcode.tec-it.com/barcode.ashx?data=198990262185&code=UPCA,,3.35 pounds,14 inches,LED,1366 x 768 (HD),,683:384,250 nits,,,,,,4 gigabytes,,"1 x USB-C 3.1, 2 x USB-A 3.0",,,,,No,1 x HDMI 1.4,Up to 3 displays at up to 4096 x 2160 @ 60Hz.,,"Everyday User, Student",,,,
Chromebook,Lenovo Chromebook 14,TRUE,https://pisces.bbystatic.com/image2/BestBuy_US/images/products/6447/6673811_sd.jpg;maxHeight=1080;maxWidth=900?format=webp,Lenovo,,https://www.bestbuy.com/product/sku/6673811,MediaTek Kompanio 540,,199273469864,6673811,https://barcode.tec-it.com/barcode.ashx?data=199273469864&code=UPCA,,2.99 pounds,14 inches,LCD,1920 x 1200 (WUXGA),,16:10,400 nits,,Yes,,,,4 gigabytes,,"2 x USB-A, 2 x USB-C, 0",,,,microSD,No,"Display connection via USB port, 1 x HDMI 1.4",Up to 1 external display at up to 4K @ 60Hz.,Privacy camera,"Everyday User, Student",,,,
Chromebook,Lenovo Chromebook 14,TRUE,https://pisces.bbystatic.com/image2/BestBuy_US/images/products/6447/6673809_sd.jpg;maxHeight=1080;maxWidth=900?format=webp,Lenovo,,https://www.bestbuy.com/product/sku/6673809,MediaTek Kompanio 540,,199273513024,6673809,https://barcode.tec-it.com/barcode.ashx?data=199273513024&code=UPCA,,2.99 pounds,14 inches,LCD,1920 x 1200 (WUXGA),,16:10,400 nits,,Yes,,,,8 gigabytes,,"2 x USB-A, 2 x USB-C, 0",,,,microSD,No,"Display connection via USB port, 1 x HDMI 1.4",Up to 1 external display at up to 4K @ 60Hz.,Privacy camera,"Everyday User, Student",,,,
Chromebook,ASUS Chromebook CX1405,TRUE,https://pisces.bbystatic.com/image2/BestBuy_US/images/products/6447/6672663_sd.jpg;maxHeight=1080;maxWidth=900?format=webp,ASUS,,https://www.bestbuy.com/product/sku/6672663,Intel Core 3 Series 1,,199291337862,6672663,https://barcode.tec-it.com/barcode.ashx?data=199291337862&code=UPCA,,3.06 pounds,14 inches,LED,1920 x 1080 (Full HD),,16:9,300 nits,,,,,,8 gigabytes,,"1 x USB-A 3.2, 2 x USB-C 3.2",,,,,No,1 x HDMI 1.4,Up to 4 displays at up to 7680 x 4320 @ 60Hz.,,"Everyday User, Student",,,,
Chromebook,ASUS Chromebook CX1405,TRUE,https://pisces.bbystatic.com/image2/BestBuy_US/images/products/6447/6669595_sd.jpg;maxHeight=1080;maxWidth=900?format=webp,ASUS,,https://www.bestbuy.com/product/sku/6669595,Intel Celeron N50,,199291342897,6669595,https://barcode.tec-it.com/barcode.ashx?data=199291342897&code=UPCA,,3.06 pounds,14 inches,LED,1920 x 1080 (Full HD),,16:9,300 nits,,,,,,4 gigabytes,,"1 x USB-A 3.2, 2 x USB-C 3.2",,,,,No,"1 x HDMI 1.4, Display connection via USB port",Up to 3 displays at up to 4096 x 2160 @ 60Hz.,,"Everyday User, Student",,,,
Chromebook,Acer Chromebook 516 16,TRUE,https://pisces.bbystatic.com/image2/BestBuy_US/images/products/6447/6618158_sd.jpg;maxHeight=1080;maxWidth=900?format=webp,Acer,,https://www.bestbuy.com/product/sku/6618158,Intel Core i3-1315U,,195133282987,6618158,https://barcode.tec-it.com/barcode.ashx?data=195133282987&code=UPCA,,3.75 pounds,16 inches,LCD,1920 x 1200 (WUXGA),,16:10,300 nits,,,,,,8 gigabytes,,"2 x USB-C 3.2, 2 x USB-A 3.2",,,,,No,"Display connection via USB port, 1 x HDMI 1.4",Up to 4 displays at up to 7680 x 4320 @ 60Hz.,Cable lock slot,"Everyday User, Student",,,,
Chromebook,Acer Chromebook Plus Spin 514,TRUE,https://pisces.bbystatic.com/image2/BestBuy_US/images/products/6447/6639090_sd.jpg;maxHeight=1080;maxWidth=900?format=webp,Acer,,https://www.bestbuy.com/product/sku/6639090,MediaTek Kompanio Ultra 910,,195133315661,6639090,https://barcode.tec-it.com/barcode.ashx?data=195133315661&code=UPCA,,3 pounds,14 inches,LCD,1920 x 1200 (WUXGA),,16:10,300 nits,,Yes,,,,12 gigabytes,,"2 x USB-C 3.2, 2 x USB-A 3.2",Yes,,,,No,Display connection via USB port,Up to 2 external displays at up to 4K @ 60Hz.,Cable lock slot,"Professional, Content Creator",,,,
Chromebook,Lenovo Chromebook Plus 14,TRUE,https://pisces.bbystatic.com/image2/BestBuy_US/images/products/6447/6630493_sd.jpg;maxHeight=1080;maxWidth=900?format=webp,Lenovo,,https://www.bestbuy.com/product/sku/6630493,MediaTek Kompanio Ultra 910,,198157168756,6630493,https://barcode.tec-it.com/barcode.ashx?data=198157168756&code=UPCA,,2.75 pounds,14 inches,OLED,1920 x 1200 (WUXGA),,16:10,400 nits,,Yes,,,,16 gigabytes,,"1 x USB-A 3.2, 2 x USB-C 3.2",Yes,,,,No,Display connection via USB port,Up to 2 external displays at up to 4K @ 60Hz.,,"Professional, Content Creator",,,,
Chromebook,HP Chromebook 14,TRUE,https://pisces.bbystatic.com/image2/BestBuy_US/images/products/6447/6667590_sd.jpg;maxHeight=1080;maxWidth=900?format=webp,HP,,https://www.bestbuy.com/product/sku/6667590,Intel Core 3 N355,,199896337700,6667590,https://barcode.tec-it.com/barcode.ashx?data=199896337700&code=UPCA,,3.05 pounds,14 inches,LED,1920 x 1200 (Full HD+),,16:10,300 nits,,Yes,,,,8 gigabytes,,"2 x USB-C 3.1, 1 x USB-A 3.0",,,,,No,Display connection via USB port,Up to 3 displays at up to 4096 x 2160 @ 60Hz.,Privacy camera,"Everyday User, Student",,,,
Chromebook,Lenovo Chromebook Plus 15.3,TRUE,https://pisces.bbystatic.com/image2/BestBuy_US/images/products/6447/6673810_sd.jpg;maxHeight=1080;maxWidth=900?format=webp,Lenovo,,https://www.bestbuy.com/product/sku/6673810,Intel Core Processor N Series,,199273525294,6673810,https://barcode.tec-it.com/barcode.ashx?data=199273525294&code=UPCA,,3.43 lbs,"15.3""",LCD,1920 x 1200 (Full HD+),,16:10,400 nits,,Yes,,,128GB UFS,8GB,,"2 x USB-A 3.2, 2 x USB-C 3.2",,,,CHECK DATA,No,CHECK DATA,Up to 3 displays at up to 4096 x 2160 @ 60Hz.,CHECK DATA,"Everyday User, Student",,,,
Chromebook,Lenovo Chromebook Plus 2-in-1 14,TRUE,https://pisces.bbystatic.com/image2/BestBuy_US/images/products/6447/6640898_sd.jpg;maxHeight=1080;maxWidth=900?format=webp,Lenovo,,https://www.bestbuy.com/product/sku/6640898,Intel Core 3 N355,,199271500187,6640898,https://barcode.tec-it.com/barcode.ashx?data=199271500187&code=UPCA,,3.3 pounds,14 inches,LCD,1920 x 1200 (WUXGA),,16:10,300 nits,,Yes,,,,8 gigabytes,,"2 x USB-A 2.0, 1 x USB-C, 0",Yes,,,microSD,No,"1 x HDMI 1.0, Display connection via USB port",Up to 3 displays at up to 4096 x 2160 @ 60Hz.,Privacy camera,"Everyday User, Student",,,,
Chromebook,HP Chromebook 14,TRUE,https://pisces.bbystatic.com/image2/BestBuy_US/images/products/6447/6667806_sd.jpg;maxHeight=1080;maxWidth=900?format=webp,HP,,https://www.bestbuy.com/product/sku/6667806,Intel Core 3 N355,,199896354431,6667806,https://barcode.tec-it.com/barcode.ashx?data=199896354431&code=UPCA,,3.04 pounds,14 inches,LED,1920 x 1200 (Full HD+),,16:10,300 nits,,Yes,,,,8 gigabytes,,"2 x USB-C 3.1, 1 x USB-A 3.0, 0",Yes,,,,No,Display connection via USB port,Up to 3 displays at up to 4096 x 2160 @ 60Hz.,Privacy camera,"Everyday User, Student",,,,
Chromebook,HP Chromebook 14,TRUE,https://pisces.bbystatic.com/image2/BestBuy_US/images/products/6447/6667807_sd.jpg;maxHeight=1080;maxWidth=900?format=webp,HP,,https://www.bestbuy.com/product/sku/6667807,Intel Core N150,,199896354134,6667807,https://barcode.tec-it.com/barcode.ashx?data=199896354134&code=UPCA,,3.04 pounds,14 inches,LED,1920 x 1200 (Full HD+),,16:10,300 nits,,Yes,,,,8 gigabytes,,"1 x USB-C 3.1, 1 x USB-A 3.0, 0",,,,,No,Display connection via USB port,Up to 3 displays at up to 4096 x 2160 @ 60Hz.,Privacy camera,"Everyday User, Student",,,,
Chromebook,ASUS Chromebook CX3402,TRUE,https://pisces.bbystatic.com/image2/BestBuy_US/images/products/6447/6672664_sd.jpg;maxHeight=1080;maxWidth=900?format=webp,ASUS,,https://www.bestbuy.com/product/sku/6672664,Intel Core 5 120U,,199291367180,6672664,https://barcode.tec-it.com/barcode.ashx?data=199291367180&code=UPCA,,3.15 pounds,14 inches,LED,1920 x 1080 (Full HD),,16:9,250 nits,,Yes,,,,8 gigabytes,,"2 x USB-A 3.2, 2 x USB-C 3.2",,,,,No,1 x HDMI 1.4,Up to 4 displays at up to 7680 x 4320 @ 60Hz.,,"Professional, Student",,,,